{
    "base": 137,
    "program": [[1.2720196495, 20], [1.618034, 20], [3.14159265358979, 20]],
    "loop": true
}
